time,x,y,z
19-6��-2023 18:15:01.457,2.1723,4.7255,8.2178
19-6��-2023 18:15:01.477,1.3822,4.4339,8.6258
19-6��-2023 18:15:01.497,1.0924,4.9798,8.6677
19-6��-2023 18:15:01.517,1.6147,4.6113,9.0443
19-6��-2023 18:15:01.537,0.7664,3.8849,8.7677
19-6��-2023 18:15:01.557,0.1422,4.984,6.7857
19-6��-2023 18:15:01.577,-0.1406,4.3568,6.5151
19-6��-2023 18:15:01.597,0.8567,3.3297,8.3007
19-6��-2023 18:15:01.617,0.9644,3.59,10.1793
19-6��-2023 18:15:01.638,1.5026,3.7281,10.3603
19-6��-2023 18:15:01.658,2.8218,1.4699,9.244
19-6��-2023 18:15:01.678,3.064,4.5041,9.5245
19-6��-2023 18:15:01.698,3.2554,8.0452,6.4107
19-6��-2023 18:15:01.718,2.1569,8.0666,7.2229
19-6��-2023 18:15:01.738,4.7427,6.43,6.4459
19-6��-2023 18:15:01.758,2.7442,4.1298,5.9753
19-6��-2023 18:15:01.778,-0.6793,1.7922,8.9375
19-6��-2023 18:15:01.798,0.558,2.9975,8.3935
19-6��-2023 18:15:01.818,1.8728,5.4596,7.7859
19-6��-2023 18:15:01.838,1.5431,3.652,9.4442
19-6��-2023 18:15:01.858,1.7931,2.7847,7.2157
19-6��-2023 18:15:01.878,2.0525,4.0971,8.269
19-6��-2023 18:15:01.898,0.486,3.4274,6.3236
19-6��-2023 18:15:01.918,-0.4527,3.4592,6.0862
19-6��-2023 18:15:01.939,-0.6508,3.9665,6.8321
19-6��-2023 18:15:01.959,0.1479,4.0691,7.8293
19-6��-2023 18:15:01.979,1.9392,3.521,8.0452
19-6��-2023 18:15:01.999,2.4606,2.7098,8.367
19-6��-2023 18:15:02.019,1.1951,1.3667,10.2028
19-6��-2023 18:15:02.039,0.2175,1.8852,10.8909
19-6��-2023 18:15:02.059,0.9303,2.206,9.2225
19-6��-2023 18:15:02.079,2.3633,1.8552,7.7072
19-6��-2023 18:15:02.099,3.4041,0.1043,-0.7344
19-6��-2023 18:15:02.119,-2.3691,-3.4985,12.2252
19-6��-2023 18:15:02.139,1.7517,1.494,11.4774
19-6��-2023 18:15:02.159,2.4802,1.9961,8.4704
19-6��-2023 18:15:02.179,4.2353,2.0853,5.372
19-6��-2023 18:15:02.199,6.0003,3.5928,3.784
19-6��-2023 18:15:02.220,8.6354,4.2708,5.0575
19-6��-2023 18:15:02.240,7.6207,3.2973,5.7947
19-6��-2023 18:15:02.260,6.518,4.0025,5.6192
19-6��-2023 18:15:02.280,6.513,4.6375,5.7918
19-6��-2023 18:15:02.300,6.8236,4.2345,6.2272
19-6��-2023 18:15:02.320,9.7648,5.1405,6.1305
19-6��-2023 18:15:02.340,13.5088,5.5756,7.6334
19-6��-2023 18:15:02.360,14.0312,4.7549,9.093
19-6��-2023 18:15:02.380,12.8327,3.8135,10.111
19-6��-2023 18:15:02.400,12.0023,3.8373,8.809
19-6��-2023 18:15:02.420,12.8087,5.5091,5.6249
19-6��-2023 18:15:02.440,14.7647,7.5879,3.8919
19-6��-2023 18:15:02.460,15.4663,7.8178,3.7055
19-6��-2023 18:15:02.480,14.7336,6.413,4.1146
19-6��-2023 18:15:02.501,14.1649,4.8879,4.7974
19-6��-2023 18:15:02.520,12.6623,3.9584,4.6387
19-6��-2023 18:15:02.541,11.4813,4.1792,4.7198
19-6��-2023 18:15:02.561,11.0641,4.5279,3.8497
19-6��-2023 18:15:02.581,9.7438,4.6028,2.1873
19-6��-2023 18:15:02.601,8.2878,4.7499,1.1129
19-6��-2023 18:15:02.621,6.3926,5.5109,-0.2308
19-6��-2023 18:15:02.641,5.8657,7.7888,-0.8465
19-6��-2023 18:15:02.661,6.4722,8.6641,0.0344
19-6��-2023 18:15:02.681,6.2633,7.8902,0.651
19-6��-2023 18:15:02.701,6.2203,6.5353,2.3226
19-6��-2023 18:15:02.721,5.4256,5.1553,2.2226
19-6��-2023 18:15:02.741,5.7186,7.3651,-0.3163
19-6��-2023 18:15:02.761,5.2662,5.1376,-0.0626
19-6��-2023 18:15:02.782,7.0608,2.7083,3.5186
19-6��-2023 18:15:02.802,7.5166,2.6335,2.56
19-6��-2023 18:15:02.822,7.8669,5.1385,0.9832
19-6��-2023 18:15:02.841,7.3716,7.5091,-1.3108
19-6��-2023 18:15:02.862,5.8739,10.1984,-1.0382
19-6��-2023 18:15:02.882,5.6278,10.285,-0.1034
19-6��-2023 18:15:02.902,5.4244,7.3003,1.5979
19-6��-2023 18:15:02.922,6.2405,6.1417,2.1401
19-6��-2023 18:15:02.942,7.0035,5.8772,-1.1246
19-6��-2023 18:15:02.962,8.092,6.1607,-2.0412
19-6��-2023 18:15:02.982,10.1826,7.1093,-0.9095
19-6��-2023 18:15:03.002,13.5112,6.5209,1.0926
19-6��-2023 18:15:03.022,12.6933,6.6763,0.1648
19-6��-2023 18:15:03.042,10.2372,7.5443,1.5211
19-6��-2023 18:15:03.063,7.716,7.0999,2.5995
19-6��-2023 18:15:03.083,5.0072,6.2003,1.3485
19-6��-2023 18:15:03.103,4.012,6.1775,-0.9695
19-6��-2023 18:15:03.123,4.6492,6.9345,1.2038
19-6��-2023 18:15:03.143,6.0103,6.8364,-0.007
19-6��-2023 18:15:03.163,7.0548,6.5182,-0.1554
19-6��-2023 18:15:03.183,7.2768,6.3264,-0.7101
19-6��-2023 18:15:03.203,7.1399,5.9884,-2.4619
19-6��-2023 18:15:03.223,6.145,4.6092,-4.0373
19-6��-2023 18:15:03.243,4.561,3.9036,-2.608
19-6��-2023 18:15:03.263,4.2298,5.2352,-0.282
19-6��-2023 18:15:03.283,3.4509,6.2597,2.1555
19-6��-2023 18:15:03.303,1.8647,7.5018,2.2904
19-6��-2023 18:15:03.323,-3.065,8.1003,1.4446
19-6��-2023 18:15:03.344,-6.0795,9.0834,0.6967
19-6��-2023 18:15:03.364,-4.4431,12.5352,-1.2662
19-6��-2023 18:15:03.384,-0.8603,12.1755,-2.3389
19-6��-2023 18:15:03.404,1.1516,12.4025,-4.167
19-6��-2023 18:15:03.424,4.2289,12.3501,-3.5852
19-6��-2023 18:15:03.444,10.1398,14.7367,-0.5613
19-6��-2023 18:15:03.464,12.8777,14.1626,1.7454
19-6��-2023 18:15:03.484,9.0991,8.3053,2.188
19-6��-2023 18:15:03.504,6.759,6.0753,-0.2635
19-6��-2023 18:15:03.524,6.0338,6.4161,-3.2843
19-6��-2023 18:15:03.544,4.6531,7.194,-3.0537
19-6��-2023 18:15:03.564,4.3471,8.6875,-2.1441
19-6��-2023 18:15:03.584,4.5176,9.5329,-0.1813
19-6��-2023 18:15:03.604,5.0381,9.4539,1.262
19-6��-2023 18:15:03.625,4.9825,8.1411,0.7095
19-6��-2023 18:15:03.645,5.0671,6.693,-0.2513
19-6��-2023 18:15:03.665,5.1429,5.9898,-0.495
19-6��-2023 18:15:03.685,5.4704,5.7367,-0.4642
19-6��-2023 18:15:03.705,5.9178,5.1524,-0.8366
19-6��-2023 18:15:03.725,6.751,4.7034,-1.0839
19-6��-2023 18:15:03.745,8.5188,6.3296,-0.516
19-6��-2023 18:15:03.765,9.0155,7.6325,0.0976
19-6��-2023 18:15:03.785,7.4542,8.1003,-1.0534
19-6��-2023 18:15:03.805,4.58,9.3512,0.1272
19-6��-2023 18:15:03.825,2.1802,10.0003,-0.5372
19-6��-2023 18:15:03.845,0.9965,8.8301,-2.4528
19-6��-2023 18:15:03.865,1.3274,8.4442,-3.7786
19-6��-2023 18:15:03.885,1.7085,7.3479,-3.1807
19-6��-2023 18:15:03.906,2.7466,7.5031,-2.0488
19-6��-2023 18:15:03.926,4.3068,8.7998,-3.9154
19-6��-2023 18:15:03.946,7.0523,17.2711,-4.7158
19-6��-2023 18:15:03.966,12.9771,28.3151,-3.7177
19-6��-2023 18:15:03.986,14.0749,30.4188,6.724
19-6��-2023 18:15:04.006,8.6864,12.6562,8.4827
19-6��-2023 18:15:04.026,7.4518,7.9467,1.9486
19-6��-2023 18:15:04.046,5.1131,4.2536,-1.1908
19-6��-2023 18:15:04.066,3.7484,1.2997,-3.7576
19-6��-2023 18:15:04.086,4.4184,-0.0087,-2.3327
19-6��-2023 18:15:04.106,4.2356,-0.4531,0.7926
19-6��-2023 18:15:04.126,4.7888,-0.035,1.1372
19-6��-2023 18:15:04.146,4.7921,-0.7734,1.195
19-6��-2023 18:15:04.166,4.3338,-2.6721,-0.8351
19-6��-2023 18:15:04.187,3.5614,-2.6423,-0.5326
19-6��-2023 18:15:04.207,3.5864,1.5312,-0.234
19-6��-2023 18:15:04.227,7.8905,11.969,10.6944
19-6��-2023 18:15:04.247,8.1989,15.957,14.2288
19-6��-2023 18:15:04.267,13.0306,31.1513,8.9948
19-6��-2023 18:15:04.287,16.6422,46.7779,-6.7614
19-6��-2023 18:15:04.307,9.5504,33.4414,-9.976
19-6��-2023 18:15:04.327,9.3612,15.8896,3.0867
19-6��-2023 18:15:04.347,9.9759,12.3879,8.1235
19-6��-2023 18:15:04.367,7.3316,16.0788,-0.5658
19-6��-2023 18:15:04.387,3.5559,16.8606,-6.0139
19-6��-2023 18:15:04.407,-1.0775,12.0532,-7.7314
19-6��-2023 18:15:04.427,-5.391,6.1308,-7.5683
19-6��-2023 18:15:04.447,-7.4591,0.3849,-0.5185
19-6��-2023 18:15:04.468,-6.965,-3.547,5.6389
19-6��-2023 18:15:04.488,-6.8366,-6.0437,4.5462
19-6��-2023 18:15:04.508,-5.1083,-8.6108,4.303
19-6��-2023 18:15:04.528,-2.4577,-10.7833,3.2851
19-6��-2023 18:15:04.548,2.1281,-8.9033,-0.1735
19-6��-2023 18:15:04.568,2.714,-1.965,-6.7785
19-6��-2023 18:15:04.588,3.2512,2.8388,-6.1968
19-6��-2023 18:15:04.608,1.803,3.8073,-2.8128
19-6��-2023 18:15:04.628,-0.0641,5.9328,-3.7258
19-6��-2023 18:15:04.648,-1.7714,13.1228,-6.3422
19-6��-2023 18:15:04.668,-5.2129,25.8964,-13.2742
19-6��-2023 18:15:04.688,0.9287,42.601,-11.3843
19-6��-2023 18:15:04.708,7.1184,34.1088,2.3781
19-6��-2023 18:15:04.728,6.189,18.8928,3.7752
19-6��-2023 18:15:04.749,7.1903,14.7717,3.1524
19-6��-2023 18:15:04.769,16.4456,16.6141,-0.0217
19-6��-2023 18:15:04.789,21.5028,16.9213,-13.1906
19-6��-2023 18:15:04.809,29.3308,13.0424,0.4907
19-6��-2023 18:15:04.829,11.5585,1.5036,24.4939
19-6��-2023 18:15:04.849,7.7244,4.4847,6.1465
19-6��-2023 18:15:04.869,5.8663,2.5672,-2.0691
19-6��-2023 18:15:04.889,3.9807,-0.535,-3.0019
19-6��-2023 18:15:04.909,3.0507,-2.9858,-2.4039
19-6��-2023 18:15:04.929,3.278,-5.0641,-3.6614
19-6��-2023 18:15:04.949,2.9908,-6.8245,-2.2284
19-6��-2023 18:15:04.969,0.8432,-4.314,2.3929
19-6��-2023 18:15:04.989,0.3612,2.1385,4.8489
19-6��-2023 18:15:05.009,0.6769,5.2494,6.9066
19-6��-2023 18:15:05.030,-0.0452,7.7015,9.839
19-6��-2023 18:15:05.050,1.5159,31.4066,8.8945
19-6��-2023 18:15:05.070,31.1824,66.3124,-11.4412
19-6��-2023 18:15:05.090,28.5447,43.0599,-8.8945
19-6��-2023 18:15:05.110,6.2236,12.1565,14.9826
19-6��-2023 18:15:05.130,2.0319,5.6452,4.8008
19-6��-2023 18:15:05.150,-0.4479,7.4301,-5.9253
19-6��-2023 18:15:05.170,-3.2848,8.9925,-11.3727
19-6��-2023 18:15:05.190,-4.5341,7.3092,-12.3173
19-6��-2023 18:15:05.210,-4.6915,4.2107,-6.4712
19-6��-2023 18:15:05.230,-9.5437,-2.8577,15.6603
19-6��-2023 18:15:05.250,-5.2843,-5.1452,5.8364
19-6��-2023 18:15:05.270,-2.1185,-5.0747,4.2721
19-6��-2023 18:15:05.290,-3.3581,-8.5625,10.4257
19-6��-2023 18:15:05.311,0.4592,-7.6162,12.6336
19-6��-2023 18:15:05.331,-0.7146,-0.4419,-14.2899
19-6��-2023 18:15:05.351,6.871,3.4081,-7.3562
19-6��-2023 18:15:05.371,5.8394,8.7764,-12.4236
19-6��-2023 18:15:05.391,1.8705,21.8622,-19.8977
19-6��-2023 18:15:05.411,1.8781,17.8962,-3.803
19-6��-2023 18:15:05.431,5.1485,23.8752,5.5732
19-6��-2023 18:15:05.451,2.9481,24.2686,9.3246
19-6��-2023 18:15:05.471,2.5799,23.2784,0.7134
19-6��-2023 18:15:05.491,7.168,19.7742,-2.6074
19-6��-2023 18:15:05.511,13.2912,18.6105,-5.8859
19-6��-2023 18:15:05.531,16.3236,19.1946,-3.374
19-6��-2023 18:15:05.551,21.2381,17.0198,-3.196
19-6��-2023 18:15:05.571,19.5227,7.7721,-7.7775
19-6��-2023 18:15:05.591,11.3825,1.3497,6.8863
19-6��-2023 18:15:05.612,6.7059,-2.4007,17.8386
19-6��-2023 18:15:05.632,6.0874,-1.3908,5.0909
19-6��-2023 18:15:05.652,5.309,-3.1508,-0.548
19-6��-2023 18:15:05.672,6.1209,-3.5541,0.1326
19-6��-2023 18:15:05.692,5.4234,-4.4526,-0.1712
19-6��-2023 18:15:05.712,1.6891,-3.6415,0.707
19-6��-2023 18:15:05.732,0.0016,0.4416,3.4897
19-6��-2023 18:15:05.752,-0.6911,2.802,4.389
19-6��-2023 18:15:05.772,1.1484,4.824,2.5902
19-6��-2023 18:15:05.792,5.9218,16.552,4.1857
19-6��-2023 18:15:05.812,39.2045,54.049,-1.0827
19-6��-2023 18:15:05.832,28.9359,55.2083,-1.4463
19-6��-2023 18:15:05.852,4.6429,22.9057,-2.3196
19-6��-2023 18:15:05.872,-0.1105,10.3736,5.3758
19-6��-2023 18:15:05.893,1.1327,7.4401,3.9088
19-6��-2023 18:15:05.913,1.6862,9.1162,-7.4475
19-6��-2023 18:15:05.933,-0.2747,7.9533,-10.1011
19-6��-2023 18:15:05.953,-2.185,5.1659,-9.0891
19-6��-2023 18:15:05.973,-3.6966,2.2603,0.129
19-6��-2023 18:15:05.993,-6.477,-4.6077,15.3992
19-6��-2023 18:15:06.013,-3.1753,-5.4352,5.6569
19-6��-2023 18:15:06.033,-1.3969,-5.0254,4.4035
19-6��-2023 18:15:06.053,-2.645,-7.5722,6.0235
19-6��-2023 18:15:06.073,-6.5655,-0.5512,-12.0998
19-6��-2023 18:15:06.093,1.195,0.8067,-6.8294
19-6��-2023 18:15:06.113,3.414,2.8195,-1.1763
19-6��-2023 18:15:06.133,-0.2018,11.5099,-10.7725
19-6��-2023 18:15:06.153,0.7767,22.0072,-12.6343
19-6��-2023 18:15:06.174,7.1476,21.8059,-3.5445
19-6��-2023 18:15:06.194,8.3676,22.2425,2.8721
19-6��-2023 18:15:06.214,4.2357,22.2394,3.2635
19-6��-2023 18:15:06.234,2.6216,23.1679,1.5743
19-6��-2023 18:15:06.254,9.3301,19.3543,-2.1159
19-6��-2023 18:15:06.274,20.8019,23.7634,-5.0768
19-6��-2023 18:15:06.294,17.2163,19.5094,-0.4115
19-6��-2023 18:15:06.314,16.8662,11.1153,-0.6978
19-6��-2023 18:15:06.334,13.1287,4.5862,0.3407
19-6��-2023 18:15:06.354,11.4564,2.3691,7.3913
19-6��-2023 18:15:06.374,9.7792,-0.2896,5.3466
19-6��-2023 18:15:06.394,7.0062,-3.3743,-1.2758
19-6��-2023 18:15:06.414,5.0515,-5.6253,-0.6743
19-6��-2023 18:15:06.434,2.3576,-6.8069,1.2309
19-6��-2023 18:15:06.455,0.1302,-4.2363,2.0507
19-6��-2023 18:15:06.475,-1.6621,-2.0901,2.3558
19-6��-2023 18:15:06.495,-1.087,-0.1376,3.4592
19-6��-2023 18:15:06.515,-1.4497,1.2977,2.1814
19-6��-2023 18:15:06.535,-2.8191,8.7153,0.9754
19-6��-2023 18:15:06.555,0.4563,37.4075,7.7551
19-6��-2023 18:15:06.575,41.466,65.4798,-0.0051
19-6��-2023 18:15:06.595,21.1943,34.2754,-0.1453
19-6��-2023 18:15:06.615,2.197,11.3337,3.7823
19-6��-2023 18:15:06.635,0.7678,6.3761,3.0772
19-6��-2023 18:15:06.655,0.889,7.9459,-2.1832
19-6��-2023 18:15:06.675,0.3313,9.748,-7.2512
19-6��-2023 18:15:06.695,-2.3712,8.1288,-11.6236
19-6��-2023 18:15:06.715,-5.2394,4.8667,-9.9856
19-6��-2023 18:15:06.736,-10.0485,-1.2523,6.8587
19-6��-2023 18:15:06.756,-8.2113,-4.2705,9.809
19-6��-2023 18:15:06.776,-3.4,-6.5525,7.8063
19-6��-2023 18:15:06.796,-0.7296,-6.3004,7.2746
19-6��-2023 18:15:06.816,1.1587,-6.7854,13.6091
19-6��-2023 18:15:06.836,-3.3081,2.652,-9.5099
19-6��-2023 18:15:06.856,0.3946,4.1792,-9.5747
19-6��-2023 18:15:06.876,3.0192,14.8481,-14.7919
19-6��-2023 18:15:06.896,0.3408,26.3368,-22.303
19-6��-2023 18:15:06.916,4.1353,13.3686,-3.6383
19-6��-2023 18:15:06.936,4.7597,11.4319,5.2644
19-6��-2023 18:15:06.956,3.994,21.21,9.8859
19-6��-2023 18:15:06.976,0.946,26.3008,-0.1638
19-6��-2023 18:15:06.996,1.8627,27.5261,-2.7097
19-6��-2023 18:15:07.017,8.7998,22.2526,-4.2932
19-6��-2023 18:15:07.037,8.9158,23.076,-5.8907
19-6��-2023 18:15:07.057,10.7119,20.1188,-4.8349
19-6��-2023 18:15:07.077,16.2291,11.0352,0.6297
19-6��-2023 18:15:07.097,17.0546,7.1276,11.9696
19-6��-2023 18:15:07.117,10.3609,4.792,3.5927
19-6��-2023 18:15:07.137,6.0669,1.1158,-2.1778
19-6��-2023 18:15:07.157,4.7736,-3.5336,-3.6274
19-6��-2023 18:15:07.177,5.984,-5.9765,-0.7202
19-6��-2023 18:15:07.197,5.7186,-10.3026,3.9847
19-6��-2023 18:15:07.217,0.2557,-11.1564,5.3553
19-6��-2023 18:15:07.237,-1.2402,-4.6588,1.3426
19-6��-2023 18:15:07.257,-1.1111,-1.9145,-0.072
19-6��-2023 18:15:07.277,-0.6616,1.1596,0.7402
19-6��-2023 18:15:07.298,-1.5876,7.2148,-0.0359
19-6��-2023 18:15:07.318,-1.8741,37.4439,2.9245
19-6��-2023 18:15:07.338,47.814,73.6919,-0.5881
19-6��-2023 18:15:07.358,21.3755,37.5148,5.2954
19-6��-2023 18:15:07.378,0.5871,15.3732,8.4347
19-6��-2023 18:15:07.398,0.804,9.8205,5.3298
19-6��-2023 18:15:07.418,1.849,9.0705,-3.4312
19-6��-2023 18:15:07.438,0.6802,8.2474,-9.9148
19-6��-2023 18:15:07.458,-2.7739,7.4162,-12.2013
19-6��-2023 18:15:07.478,-4.7838,4.5715,-10.7881
19-6��-2023 18:15:07.498,-7.8732,-0.1766,6.247
19-6��-2023 18:15:07.518,-7.8946,-3.5187,5.2009
19-6��-2023 18:15:07.538,-3.225,-5.2536,5.4874
19-6��-2023 18:15:07.558,-3.3625,-7.3717,5.5449
19-6��-2023 18:15:07.579,-3.6901,-9.939,14.545
19-6��-2023 18:15:07.599,-4.9818,-0.403,-0.6291
19-6��-2023 18:15:07.619,-2.5483,0.9106,-12.0211
19-6��-2023 18:15:07.639,4.6535,3.1785,-7.5217
19-6��-2023 18:15:07.659,2.0676,8.5014,-19.9224
19-6��-2023 18:15:07.679,0.457,22.306,-22.3883
19-6��-2023 18:15:07.699,5.6368,21.7722,-0.4325
19-6��-2023 18:15:07.719,7.8408,24.9736,7.3654
19-6��-2023 18:15:07.739,0.4218,24.9573,9.9732
19-6��-2023 18:15:07.759,0.864,24.321,-2.2416
19-6��-2023 18:15:07.779,5.0792,17.7293,-3.0327
19-6��-2023 18:15:07.799,11.0279,18.5467,-1.7788
19-6��-2023 18:15:07.819,9.7393,20.1277,-1.2495
19-6��-2023 18:15:07.839,11.3448,17.7155,-5.8597
19-6��-2023 18:15:07.860,13.0017,10.8619,-1.6858
19-6��-2023 18:15:07.880,12.0368,7.0845,7.9727
19-6��-2023 18:15:07.900,11.5958,6.0495,5.679
19-6��-2023 18:15:07.920,7.3843,1.9021,-0.6833
19-6��-2023 18:15:07.940,5.7783,-1.8674,-2.9299
19-6��-2023 18:15:07.960,6.0103,-4.6149,-0.3215
19-6��-2023 18:15:07.980,5.5105,-8.2085,2.1194
19-6��-2023 18:15:08.000,2.545,-10.3055,6.7433
19-6��-2023 18:15:08.020,-0.5323,-5.8648,1.5879
19-6��-2023 18:15:08.040,-0.7799,-2.8855,-0.1962
19-6��-2023 18:15:08.060,-0.3775,0.2007,0.5531
19-6��-2023 18:15:08.080,-1.3292,5.0544,-1.6121
19-6��-2023 18:15:08.100,0.3256,32.3513,6.2642
19-6��-2023 18:15:08.120,43.5097,75.0297,2.292
19-6��-2023 18:15:08.141,22.0999,42.4037,2.552
19-6��-2023 18:15:08.161,0.6094,15.2861,4.0173
19-6��-2023 18:15:08.181,-0.5556,8.9315,7.1228
19-6��-2023 18:15:08.201,2.0775,8.8188,0.1618
19-6��-2023 18:15:08.221,2.3721,9.7398,-7.8579
19-6��-2023 18:15:08.241,-1.7018,8.9592,-12.4267
19-6��-2023 18:15:08.261,-4.5498,6.2164,-11.425
19-6��-2023 18:15:08.281,-6.9385,1.5601,-0.3245
19-6��-2023 18:15:08.301,-9.0806,-3.3671,10.2511
19-6��-2023 18:15:08.321,-5.0197,-5.2547,8.1345
19-6��-2023 18:15:08.341,-2.3217,-6.5887,8.3264
19-6��-2023 18:15:08.361,-2.936,-10.2109,13.5117
19-6��-2023 18:15:08.381,-4.6496,0.3495,-6.2712
19-6��-2023 18:15:08.401,-1.8033,4.7031,-17.3669
19-6��-2023 18:15:08.422,3.8147,5.484,-7.0917
19-6��-2023 18:15:08.442,-0.0022,12.051,-10.2851
19-6��-2023 18:15:08.462,-1.9653,22.0221,-12.4248
19-6��-2023 18:15:08.482,6.5606,19.2357,-0.1527
19-6��-2023 18:15:08.502,7.9736,20.8174,2.2492
19-6��-2023 18:15:08.522,3.6385,20.5226,0.5393
19-6��-2023 18:15:08.542,1.1083,23.6303,1.4723
19-6��-2023 18:15:08.562,4.0835,17.8004,-0.6836
19-6��-2023 18:15:08.582,8.6673,17.0392,-3.2813
19-6��-2023 18:15:08.602,9.5439,20.584,-4.8224
19-6��-2023 18:15:08.622,11.8842,19.8595,-6.8138
19-6��-2023 18:15:08.642,14.9859,10.6364,-2.1599
19-6��-2023 18:15:08.662,14.1338,5.0821,14.29
19-6��-2023 18:15:08.682,10.5372,5.2378,8.9593
19-6��-2023 18:15:08.703,8.2407,2.8059,-1.0493
19-6��-2023 18:15:08.723,6.3434,-1.0745,-4.3426
19-6��-2023 18:15:08.743,5.7973,-3.3958,-1.55
19-6��-2023 18:15:08.763,5.5132,-4.5683,0.8507
19-6��-2023 18:15:08.783,3.6311,-7.366,2.4071
19-6��-2023 18:15:08.803,0.7314,-5.5841,3.8323
19-6��-2023 18:15:08.823,-0.2738,-2.3215,1.3846
19-6��-2023 18:15:08.843,-0.9522,0.5717,1.0782
19-6��-2023 18:15:08.863,-1.4017,3.3768,1.2855
19-6��-2023 18:15:08.883,-6.432,19.6145,-5.6713
19-6��-2023 18:15:08.903,17.4504,52.3924,6.0426
19-6��-2023 18:15:08.923,48.4836,64.1286,2.1805
19-6��-2023 18:15:08.943,5.2271,23.7141,6.6177
19-6��-2023 18:15:08.963,-1.7457,10.405,6.9602
19-6��-2023 18:15:08.983,0.3105,8.3493,-2.2521
19-6��-2023 18:15:09.004,2.1082,8.1711,-7.623
19-6��-2023 18:15:09.024,-0.5423,8.5656,-9.3264
19-6��-2023 18:15:09.044,-4.3413,7.532,-7.7093
19-6��-2023 18:15:09.064,-5.0879,4.3757,-4.9421
19-6��-2023 18:15:09.084,-8.4715,-1.3119,10.6562
19-6��-2023 18:15:09.104,-5.715,-4.4525,7.3587
19-6��-2023 18:15:09.124,-1.9849,-5.8488,7.338
19-6��-2023 18:15:09.144,-1.0406,-8.0691,9.3726
19-6��-2023 18:15:09.164,-0.8826,-6.9075,8.0318
19-6��-2023 18:15:09.184,-1.9786,2.367,-16.727
19-6��-2023 18:15:09.204,4.6811,5.0518,-10.2056
19-6��-2023 18:15:09.224,3.923,11.381,-11.8277
19-6��-2023 18:15:09.244,1.14,25.1065,-16.6454
19-6��-2023 18:15:09.264,5.8426,16.2221,14.3569
19-6��-2023 18:15:09.285,4.0599,17.4392,-0.015
19-6��-2023 18:15:09.305,1.899,21.7245,-0.97
19-6��-2023 18:15:09.325,-2.3986,21.951,1.3908
19-6��-2023 18:15:09.345,-1.7641,17.8104,-0.4624
19-6��-2023 18:15:09.365,2.7525,16.5193,-3.4108
19-6��-2023 18:15:09.385,5.7952,22.5656,-4.8706
19-6��-2023 18:15:09.405,11.8766,25.8375,-3.9956
19-6��-2023 18:15:09.425,19.8981,20.4068,-8.5309
19-6��-2023 18:15:09.445,20.2885,8.9126,1.1179
19-6��-2023 18:15:09.465,11.2641,3.3467,16.1559
19-6��-2023 18:15:09.485,7.4585,3.571,4.0456
19-6��-2023 18:15:09.505,6.8212,-0.5488,-3.1991
19-6��-2023 18:15:09.525,5.547,-3.8361,-3.4855
19-6��-2023 18:15:09.545,4.5963,-6.0765,-0.0317
19-6��-2023 18:15:09.566,3.1894,-7.5461,4.7718
19-6��-2023 18:15:09.586,0,-6.3004,5.5785
19-6��-2023 18:15:09.606,-0.5661,-2.4818,1.4638
19-6��-2023 18:15:09.626,-0.3393,-0.0534,0.7193
19-6��-2023 18:15:09.646,-0.0557,2.7106,0.5037
19-6��-2023 18:15:09.666,-5.5035,16.2501,-8.4101
19-6��-2023 18:15:09.686,14.0634,50.6735,4.7029
19-6��-2023 18:15:09.706,57.6754,70.3513,4.2441
19-6��-2023 18:15:09.726,7.3452,25.5607,11.2225
19-6��-2023 18:15:09.746,-1.1301,13.3567,4.6252
19-6��-2023 18:15:09.766,-1.0102,9.997,-0.2072
19-6��-2023 18:15:09.786,-1.5628,9.1777,-9.5858
19-6��-2023 18:15:09.806,-3.0035,8.1357,-10.2255
19-6��-2023 18:15:09.826,-4.9257,5.6606,-9.7161
19-6��-2023 18:15:09.847,-7.9913,0.7945,-1.9073
19-6��-2023 18:15:09.867,-9.5058,-3.8454,9.488
19-6��-2023 18:15:09.887,-5.1963,-6.3854,5.1057
19-6��-2023 18:15:09.907,-2.8382,-7.8783,8.2384
19-6��-2023 18:15:09.927,-3.1026,-9.4304,6.203
19-6��-2023 18:15:09.947,-2.9126,-7.688,5.5386
19-6��-2023 18:15:09.967,-4.1932,2.6972,-10.1902
19-6��-2023 18:15:09.987,3.5527,3.1599,-1.9861
19-6��-2023 18:15:10.007,6.0164,9.9455,-13.0704
19-6��-2023 18:15:10.027,4.7212,29.9467,-33.1815
19-6��-2023 18:15:10.047,6.0503,20.3653,-3.4381
19-6��-2023 18:15:10.067,3.3943,16.5896,10.0564
19-6��-2023 18:15:10.087,-1.6196,19.6755,19.4691
19-6��-2023 18:15:10.107,-1.3653,21.4134,-3.747
19-6��-2023 18:15:10.128,0.3584,19.3187,-6.2491
19-6��-2023 18:15:10.148,5.472,18.8281,-4.8255
19-6��-2023 18:15:10.168,11.8308,22.9248,-3.2137
19-6��-2023 18:15:10.188,16.8199,23.2926,-3.0471
19-6��-2023 18:15:10.208,19.3859,14.5417,-6.1106
19-6��-2023 18:15:10.228,16.6159,6.5589,4.1308
19-6��-2023 18:15:10.248,9.2394,3.521,12.3174
19-6��-2023 18:15:10.268,7.8756,1.8349,3.5677
19-6��-2023 18:15:10.288,7.2545,-1.828,-1.9742
19-6��-2023 18:15:10.308,7.1313,-4.9459,-0.7941
19-6��-2023 18:15:10.328,4.8153,-7.5237,2.6962
19-6��-2023 18:15:10.348,2.119,-8.7104,4.1422
19-6��-2023 18:15:10.368,-1.1563,-4.098,-0.22
19-6��-2023 18:15:10.388,-1.1043,-0.7399,-0.1127
19-6��-2023 18:15:10.409,-1.2065,2.0093,3.6609
19-6��-2023 18:15:10.429,-0.857,5.1616,3.2864
19-6��-2023 18:15:10.449,-1.718,26.9869,6.2529
19-6��-2023 18:15:10.469,38.1498,68.6688,-2.4785
19-6��-2023 18:15:10.489,29.787,46.4554,0.5217
19-6��-2023 18:15:10.509,4.1015,17.889,4.0245
19-6��-2023 18:15:10.529,0.4648,9.0934,6.3044
19-6��-2023 18:15:10.549,1.2429,9.0015,-0.0235
19-6��-2023 18:15:10.569,2.1879,11.2419,-6.0188
19-6��-2023 18:15:10.589,-0.946,10.521,-8.6788
19-6��-2023 18:15:10.609,-4.3275,6.5799,-10.7233
19-6��-2023 18:15:10.629,-5.5515,1.7115,-8.0881
19-6��-2023 18:15:10.649,-7.1348,-4.0908,11.9312
19-6��-2023 18:15:10.669,-4.7296,-6.3212,5.0846
19-6��-2023 18:15:10.690,-3.3261,-7.7632,2.3209
19-6��-2023 18:15:10.710,-2.3094,-7.0604,5.7681
19-6��-2023 18:15:10.730,-3.7716,-9.2689,15.7755
19-6��-2023 18:15:10.750,-4.5718,3.4598,-3.1905
19-6��-2023 18:15:10.770,-0.5946,3.4636,-6.2766
19-6��-2023 18:15:10.790,2.3471,6.4146,-11.3388
19-6��-2023 18:15:10.810,0.758,17.6062,-24.7557
19-6��-2023 18:15:10.830,1.3131,17.1172,-15.7832
19-6��-2023 18:15:10.850,3.1939,11.9455,-2.9381
19-6��-2023 18:15:10.870,3.9727,20.9361,0.6164
19-6��-2023 18:15:10.890,2.8823,28.3061,3.9025
19-6��-2023 18:15:10.910,4.2263,28.8332,7.3915
19-6��-2023 18:15:10.930,6.5773,22.6138,0.9635
19-6��-2023 18:15:10.950,7.6859,19.9077,-2.3711
19-6��-2023 18:15:10.971,9.5686,20.3193,-5.2327
19-6��-2023 18:15:10.991,14.089,14.4188,-6.9759
19-6��-2023 18:15:11.011,15.4908,8.6984,5.9483
19-6��-2023 18:15:11.031,13.1707,6.0805,7.9578
19-6��-2023 18:15:11.051,7.3806,2.7339,0.3825
19-6��-2023 18:15:11.071,4.8968,-0.1477,-2.6014
19-6��-2023 18:15:11.091,5.1253,-3.5102,0.0163
19-6��-2023 18:15:11.111,5.4687,-5.0509,1.3188
19-6��-2023 18:15:11.131,5.5352,-8.4124,3.4261
19-6��-2023 18:15:11.151,1.7392,-6.7073,4.1753
19-6��-2023 18:15:11.171,-0.1299,-2.3455,0.9088
19-6��-2023 18:15:11.191,-0.4232,-0.2519,1.4403
19-6��-2023 18:15:11.211,-0.4817,2.5968,0.8779
19-6��-2023 18:15:11.231,-2.5407,14.7583,-0.6501
19-6��-2023 18:15:11.252,13.7223,49.6446,5.3398
19-6��-2023 18:15:11.272,55.5399,74.7601,-2.5227
19-6��-2023 18:15:11.292,8.0552,24.3285,3.9855
19-6��-2023 18:15:11.312,1.6003,9.997,5.5807
19-6��-2023 18:15:11.332,2.6336,7.71,0.99
19-6��-2023 18:15:11.352,4.1828,10.6719,-5.3683
19-6��-2023 18:15:11.372,0.485,11.1838,-11.4201
19-6��-2023 18:15:11.392,-4.0914,7.3883,-11.9393
19-6��-2023 18:15:11.412,-5.6608,3.521,-8.486
19-6��-2023 18:15:11.432,-8.645,-2.1307,8.6134
19-6��-2023 18:15:11.452,-4.7516,-3.7189,6.5746
19-6��-2023 18:15:11.472,-2.4735,-6.3492,5.8865
19-6��-2023 18:15:11.492,-2.9945,-7.6019,1.0622
19-6��-2023 18:15:11.512,-2.7667,-7.6296,0.3772
19-6��-2023 18:15:11.533,-7.5737,-5.818,1.7632
19-6��-2023 18:15:11.553,-6.5041,3.5109,2.6598
19-6��-2023 18:15:11.573,0.2893,3.2018,6.9652
19-6��-2023 18:15:11.593,-1.7041,3.4372,-6.6591
19-6��-2023 18:15:11.613,-2.5464,15.5319,-22.7403
19-6��-2023 18:15:11.633,1.9617,17.0492,-12.4254
19-6��-2023 18:15:11.653,4.4124,21.4776,-11.15
19-6��-2023 18:15:11.673,4.1636,28.6046,-5.3343
19-6��-2023 18:15:11.693,1.4128,30.8833,-2.3748
19-6��-2023 18:15:11.713,3.8918,20.975,3.5313
19-6��-2023 18:15:11.733,8.0221,17.4887,3.0611
19-6��-2023 18:15:11.753,11.2801,20.8711,-2.843
19-6��-2023 18:15:11.773,13.8164,20.8802,-4.5977
19-6��-2023 18:15:11.793,28.4594,16.9174,-12.849
19-6��-2023 18:15:11.813,25.12,7.1035,13.8615
19-6��-2023 18:15:11.834,10.445,4.1645,17.5877
19-6��-2023 18:15:11.854,5.1144,4.549,-1.2566
19-6��-2023 18:15:11.874,4.1405,0.4729,-6.9237
19-6��-2023 18:15:11.894,4.0117,-2.7136,-4.6698
19-6��-2023 18:15:11.914,3.6928,-5.0538,-0.0883
19-6��-2023 18:15:11.934,4.0958,-7.4555,4.4323
19-6��-2023 18:15:11.954,1.6503,-9.7407,8.464
19-6��-2023 18:15:11.974,-1.0745,-3.6133,2.5402
19-6��-2023 18:15:11.994,-0.9405,-1.6479,-0.4325
19-6��-2023 18:15:12.014,0.4202,0.9956,1.0986
19-6��-2023 18:15:12.034,0.0633,5.944,1.2155
19-6��-2023 18:15:12.053,2.5251,20.9103,4.679
19-6��-2023 18:15:12.074,50.5975,70.7525,0.8398
19-6��-2023 18:15:12.094,27.7035,48.3037,3.8707
19-6��-2023 18:15:12.115,4.7279,19.1819,0.3549
19-6��-2023 18:15:12.135,0.923,10.7626,5.2439
19-6��-2023 18:15:12.155,2.5972,9.2572,3.0037
19-6��-2023 18:15:12.175,5.0945,10.2585,-4.9436
19-6��-2023 18:15:12.195,1.0799,9.8854,-12.5381
19-6��-2023 18:15:12.215,-3.7129,6.2708,-12.8656
19-6��-2023 18:15:12.235,-5.1647,3.4104,-7.7471
19-6��-2023 18:15:12.255,-8.3082,-1.7311,13.8973
19-6��-2023 18:15:12.275,-3.5597,-4.9911,5.2391
19-6��-2023 18:15:12.295,-2.5916,-8.0308,1.7226
19-6��-2023 18:15:12.315,-2.9493,-8.1226,1.4072
19-6��-2023 18:15:12.335,-5.4118,-9.9007,3.4978
19-6��-2023 18:15:12.355,-9.2731,2.2648,6.2224
19-6��-2023 18:15:12.374,-3.0505,3.5238,-0.901
19-6��-2023 18:15:12.396,0.1846,2.9966,0.8478
19-6��-2023 18:15:12.416,-3.8498,7.4784,-15.4754
19-6��-2023 18:15:12.436,-1.455,20.0593,-18.0484
19-6��-2023 18:15:12.456,2.807,15.7802,-11.5982
19-6��-2023 18:15:12.476,4.4598,21.4651,-6.114
19-6��-2023 18:15:12.496,2.3238,27.3462,-5.5322
19-6��-2023 18:15:12.516,3.0198,29.794,0.7025
19-6��-2023 18:15:12.536,5.4678,21.1804,1.9335
19-6��-2023 18:15:12.556,10.6408,19.7026,-0.536
19-6��-2023 18:15:12.576,13.2129,20.4722,-2.7594
19-6��-2023 18:15:12.596,25.956,19.555,-12.539
19-6��-2023 18:15:12.616,27.3363,9.8554,3.5633
19-6��-2023 18:15:12.636,14.4047,0.9287,20.7437
19-6��-2023 18:15:12.656,6.2009,1.4132,8.4908
19-6��-2023 18:15:12.677,4.347,1.3002,-3.8151
19-6��-2023 18:15:12.697,3.7353,-1.5274,-4.1733
19-6��-2023 18:15:12.717,3.5629,-4.5314,-1.0201
19-6��-2023 18:15:12.737,3.5258,-5.8042,0.6149
19-6��-2023 18:15:12.757,2.4571,-6.1652,2.398
19-6��-2023 18:15:12.777,-0.7019,-3.9591,5.5343
19-6��-2023 18:15:12.797,-1.0661,-1.0617,2.0284
19-6��-2023 18:15:12.817,-0.8204,1.1599,2.0226
19-6��-2023 18:15:12.837,-0.4142,3.6238,2.4438
19-6��-2023 18:15:12.857,-2.4518,26.8455,2.9439
19-6��-2023 18:15:12.877,39.1544,63.0742,-2.4967
19-6��-2023 18:15:12.897,31.2279,47.5694,4.394
19-6��-2023 18:15:12.917,5.6349,17.8767,3.3955
19-6��-2023 18:15:12.937,3.3768,10.2499,3.356
19-6��-2023 18:15:12.958,5.9929,9.8714,0.5857
19-6��-2023 18:15:12.978,6.6671,11.6135,-5.7799
19-6��-2023 18:15:12.998,2.3687,11.0147,-10.2868
19-6��-2023 18:15:13.018,-2.8703,7.942,-9.8302
19-6��-2023 18:15:13.038,-5.4018,4.3462,-7.7166
19-6��-2023 18:15:13.058,-7.5771,0.0192,3.6082
19-6��-2023 18:15:13.078,-6.992,-3.5445,11.4269
19-6��-2023 18:15:13.098,-4.9884,-7.1213,3.6957
19-6��-2023 18:15:13.118,-3.9424,-8.0898,1.2038
19-6��-2023 18:15:13.138,-3.1053,-7.859,0.8854
19-6��-2023 18:15:13.158,-1.7904,-8.1537,13.2557
19-6��-2023 18:15:13.178,-2.5746,4.7493,-2.5003
19-6��-2023 18:15:13.198,1.7889,4.4473,-4.596
19-6��-2023 18:15:13.218,2.3012,7.0153,-8.9282
19-6��-2023 18:15:13.239,-1.0326,24.8646,-25.4998
19-6��-2023 18:15:13.259,3.7031,16.4224,-5.2875
19-6��-2023 18:15:13.279,3.7026,15.2814,-0.3967
19-6��-2023 18:15:13.299,1.5818,19.7661,8.5245
19-6��-2023 18:15:13.319,-0.3929,24.281,0.0611
19-6��-2023 18:15:13.339,-4.0546,23.5168,-2.8441
19-6��-2023 18:15:13.359,1.2842,24.0113,-3.484
19-6��-2023 18:15:13.379,8.4221,24.0966,-3.3708
19-6��-2023 18:15:13.399,11.7931,23.3408,-4.9041
19-6��-2023 18:15:13.419,26.0511,19.9053,-14.4421
19-6��-2023 18:15:13.439,30.1425,11.2343,3.9141
19-6��-2023 18:15:13.459,15.0464,0.6279,23.4227
19-6��-2023 18:15:13.479,4.1242,0.9035,8.6514
19-6��-2023 18:15:13.499,4.2116,1.6722,-4.1838
19-6��-2023 18:15:13.520,3.6927,-1.486,-3.3741
19-6��-2023 18:15:13.540,3.4195,-4.0688,-1.646
19-6��-2023 18:15:13.560,2.8472,-5.9138,0.4582
19-6��-2023 18:15:13.580,1.2545,-6.4209,2.2847
19-6��-2023 18:15:13.600,-1.7874,-4.0536,5.1336
19-6��-2023 18:15:13.620,-1.5782,-1.7886,1.5794
19-6��-2023 18:15:13.640,-0.9799,-0.0084,1.215
19-6��-2023 18:15:13.660,-0.3828,2.4678,1.5252
19-6��-2023 18:15:13.680,-1.7755,11.3596,0.3618
19-6��-2023 18:15:13.700,11.9552,51.0727,3.2526
19-6��-2023 18:15:13.720,48.2875,70.236,0.4772
19-6��-2023 18:15:13.740,9.8036,26.3436,5.1997
19-6��-2023 18:15:13.760,2.0087,13.5875,4.8962
19-6��-2023 18:15:13.780,2.0389,9.8597,0.178
19-6��-2023 18:15:13.801,2.7062,10.1365,-4.2455
19-6��-2023 18:15:13.821,0.8237,9.7203,-8.8596
19-6��-2023 18:15:13.841,-2.3745,8.0703,-10.5962
19-6��-2023 18:15:13.861,-4.1332,4.9236,-7.8961
19-6��-2023 18:15:13.881,-7.3349,-0.2542,4.7486
19-6��-2023 18:15:13.901,-6.7135,-3.8117,7.3657
19-6��-2023 18:15:13.921,-3.4598,-5.324,4.206
19-6��-2023 18:15:13.941,-3.0834,-6.3148,2.6308
19-6��-2023 18:15:13.961,-3.3605,-7.1393,2.8591
19-6��-2023 18:15:13.981,-5.093,-5.8947,12.0441
19-6��-2023 18:15:14.001,-3.8335,5.7118,-2.7195
19-6��-2023 18:15:14.021,1.7743,3.5057,-2.8523
19-6��-2023 18:15:14.041,0.2958,6.3712,-6.3808
19-6��-2023 18:15:14.061,-2.8647,15.1693,-19.5344
19-6��-2023 18:15:14.082,-0.6854,15.8202,-12.3715
19-6��-2023 18:15:14.102,1.1658,15.6172,-4.6637
19-6��-2023 18:15:14.122,1.856,23.0082,-0.9844
19-6��-2023 18:15:14.142,-0.1422,26.9791,-0.4369
19-6��-2023 18:15:14.162,0.7413,26.1563,3.0644
19-6��-2023 18:15:14.182,2.539,21.3955,-0.5938
19-6��-2023 18:15:14.202,7.7239,20.826,-2.0132
19-6��-2023 18:15:14.222,14.135,23.9718,-3.3996
19-6��-2023 18:15:14.242,32.4573,23.7713,-13.5398
19-6��-2023 18:15:14.262,26.9432,9.5052,4.7643
19-6��-2023 18:15:14.282,8.319,0.6757,23.953
19-6��-2023 18:15:14.302,5.3556,2.6399,4.4161
19-6��-2023 18:15:14.322,5.0981,0.839,-5.6876
19-6��-2023 18:15:14.342,4.1375,-2.3217,-4.1962
19-6��-2023 18:15:14.362,3.7883,-4.5357,-0.6604
19-6��-2023 18:15:14.383,3.8069,-6.3312,2.0019
19-6��-2023 18:15:14.403,2.3672,-9.2547,6.2119
19-6��-2023 18:15:14.423,-1.1047,-3.8144,4.0816
19-6��-2023 18:15:14.443,-0.843,-1.5738,0.6317
19-6��-2023 18:15:14.463,-0.498,0.2332,1.5714
19-6��-2023 18:15:14.483,-0.5021,2.3404,1.8737
19-6��-2023 18:15:14.503,-1.5425,12.6291,2.1115
19-6��-2023 18:15:14.523,30.9977,62.3251,-10.3131
19-6��-2023 18:15:14.543,49.0331,68.3567,2.342
19-6��-2023 18:15:14.563,5.8557,20.6168,10.5177
19-6��-2023 18:15:14.583,-0.5016,11.2249,5.1574
19-6��-2023 18:15:14.603,0.2757,11.2123,-2.9746
19-6��-2023 18:15:14.623,0.8531,9.914,-7.5439
19-6��-2023 18:15:14.643,-2.6974,7.2181,-10.9508
19-6��-2023 18:15:14.664,-5.5316,3.6305,-8.8399
19-6��-2023 18:15:14.684,-7.9341,0.2641,0.0549
19-6��-2023 18:15:14.704,-9.5196,-3.2038,5.3279
19-6��-2023 18:15:14.724,-6.214,-4.3874,5.9212
19-6��-2023 18:15:14.744,-3.7424,-5.6437,4.7686
19-6��-2023 18:15:14.764,-3.0186,-5.233,4.5076
19-6��-2023 18:15:14.784,-2.4205,-7.6934,13.1835
19-6��-2023 18:15:14.804,-2.0941,2.4009,-0.8258
19-6��-2023 18:15:14.824,1.0444,4.5169,-13.7739
19-6��-2023 18:15:14.844,7.5739,7.9262,-9.3725
19-6��-2023 18:15:14.864,2.8728,24.8923,-29.1788
19-6��-2023 18:15:14.884,7.7678,30.0811,-12.0761
19-6��-2023 18:15:14.904,6.4609,9.425,9.3047
19-6��-2023 18:15:14.924,2.839,14.5411,6.2453
19-6��-2023 18:15:14.945,0.5519,22.6904,12.9883
19-6��-2023 18:15:14.965,-1.9108,20.5416,-6.6034
19-6��-2023 18:15:14.985,0.1304,18.8024,-5.829
19-6��-2023 18:15:15.005,3.1197,19.0938,-6.0732
19-6��-2023 18:15:15.025,7.1563,22.7269,-5.3068
19-6��-2023 18:15:15.045,14.9967,22.3065,-11.9955
19-6��-2023 18:15:15.065,23.4576,14.02,-3.1227
19-6��-2023 18:15:15.085,23.8026,5.1723,30.088
19-6��-2023 18:15:15.105,9.4316,5.8882,8.0344
19-6��-2023 18:15:15.125,4.8878,3.2241,-5.8407
19-6��-2023 18:15:15.145,4.5966,-0.2337,-5.6666
19-6��-2023 18:15:15.165,3.5632,-1.8828,-4.032
19-6��-2023 18:15:15.185,2.62,-4.6562,0.5631
19-6��-2023 18:15:15.205,2.8415,-6.7486,2.8384
19-6��-2023 18:15:15.226,0.3995,-9.1147,8.1823
19-6��-2023 18:15:15.246,-1.0921,-3.9248,2.9953
19-6��-2023 18:15:15.266,-1.0129,-1.9799,-0.0698
19-6��-2023 18:15:15.286,-0.0775,0.5663,0.6384
19-6��-2023 18:15:15.306,0.0793,2.5958,0.0826
19-6��-2023 18:15:15.325,-4.0411,26.2047,0.0626
19-6��-2023 18:15:15.346,39.4762,68.229,-3.2469
19-6��-2023 18:15:15.366,36.4082,52.4418,4.5474
19-6��-2023 18:15:15.386,5.5358,17.3067,10.7054
19-6��-2023 18:15:15.406,2.3272,9.3493,5.3217
19-6��-2023 18:15:15.426,2.6245,9.2184,-2.6341
19-6��-2023 18:15:15.446,2.2408,10.3463,-8.2568
19-6��-2023 18:15:15.466,-2.1694,10.1017,-13.5946
19-6��-2023 18:15:15.486,-5.064,6.1369,-9.1931
19-6��-2023 18:15:15.507,-7.3744,1.4205,0.9754
19-6��-2023 18:15:15.527,-7.6451,-3.0957,10.5336
19-6��-2023 18:15:15.547,-2.2599,-3.2887,4.604
19-6��-2023 18:15:15.567,-2.2217,-5.7943,0.9942
19-6��-2023 18:15:15.587,-3.3274,-6.3393,0.0504
19-6��-2023 18:15:15.607,-5.7648,-7.8886,3.872
19-6��-2023 18:15:15.627,-8.9325,1.4205,5.8913
19-6��-2023 18:15:15.647,-4,1.862,-1.4349
19-6��-2023 18:15:15.667,0.4072,2.4344,-1.037
19-6��-2023 18:15:15.687,-2.1455,11.3005,-25.0179
19-6��-2023 18:15:15.707,1.5318,21.1313,-17.6001
19-6��-2023 18:15:15.727,3.7662,12.1989,-4.9688
19-6��-2023 18:15:15.747,5.3436,18.7216,-1.6092
19-6��-2023 18:15:15.767,2.9683,24.4424,-1.8846
19-6��-2023 18:15:15.788,3.2873,33.641,1.6746
19-6��-2023 18:15:15.808,5.1185,25.1282,0.4404
19-6��-2023 18:15:15.828,8.6225,18.9193,-1.409
19-6��-2023 18:15:15.848,10.3824,18.6487,-2.3539
19-6��-2023 18:15:15.868,12.2923,17.5164,-5.688
19-6��-2023 18:15:15.888,22.8461,12.7773,-2.234
19-6��-2023 18:15:15.908,19.7793,6.0832,10.8795
19-6��-2023 18:15:15.928,9.1063,3.9383,6.9334
19-6��-2023 18:15:15.948,6.2384,0.9402,-1.7228
19-6��-2023 18:15:15.967,6.1,-1.9778,-4.2941
19-6��-2023 18:15:15.988,5.4382,-4.0416,-0.1266
19-6��-2023 18:15:16.008,5.0059,-6.3654,3.0763
19-6��-2023 18:15:16.028,3.4575,-9.0331,7.1294
19-6��-2023 18:15:16.048,-1.203,-5.236,3.7987
19-6��-2023 18:15:16.069,-1.8934,-2.317,-0.7933
19-6��-2023 18:15:16.089,-1.2439,-0.5877,-0.3245
19-6��-2023 18:15:16.109,-0.3335,2.0148,1.4668
19-6��-2023 18:15:16.129,0.2361,7.1035,5.4306
19-6��-2023 18:15:16.149,7.9694,51.2588,2.0169
19-6��-2023 18:15:16.169,49.6914,68.6466,-0.7133
19-6��-2023 18:15:16.189,13.6214,27.9683,3.471
19-6��-2023 18:15:16.209,4.0434,14.8301,5.25
19-6��-2023 18:15:16.229,3.7373,10.651,3.9043
19-6��-2023 18:15:16.249,6.94,11.8949,-0.9779
19-6��-2023 18:15:16.269,6.2901,12.8879,-6.1336
19-6��-2023 18:15:16.289,0.8016,11.8738,-11.4069
19-6��-2023 18:15:16.309,-4.3947,7.5867,-10.6206
19-6��-2023 18:15:16.329,-5.7949,3.8573,-4.7101
19-6��-2023 18:15:16.350,-8.1486,-1.3637,9.2518
19-6��-2023 18:15:16.370,-5.1144,-3.8045,7.0511
19-6��-2023 18:15:16.390,-3.3551,-7.9498,3.2999
19-6��-2023 18:15:16.410,-2.5763,-7.2437,0.7809
19-6��-2023 18:15:16.430,-2.7061,-7.873,0.0798
19-6��-2023 18:15:16.450,-4.7809,-6.304,5.297
19-6��-2023 18:15:16.470,-4.5975,3.0686,-0.1512
19-6��-2023 18:15:16.490,-0.0289,1.9563,2.198
19-6��-2023 18:15:16.510,-0.0022,3.1328,-2.8818
19-6��-2023 18:15:16.530,-0.7167,11.316,-18.7918
19-6��-2023 18:15:16.550,1.5485,17.8414,-16.2487
19-6��-2023 18:15:16.570,4.5498,22.0902,-13.6866
19-6��-2023 18:15:16.590,5.3226,30.1576,-5.0262
19-6��-2023 18:15:16.610,2.5895,33.4117,-2.2787
19-6��-2023 18:15:16.631,5.8501,23.975,9.1448
19-6��-2023 18:15:16.651,4.7694,18.1536,3.5707
19-6��-2023 18:15:16.671,7.9762,17.4119,0.422
19-6��-2023 18:15:16.691,12.0528,19.3896,-2.5809
19-6��-2023 18:15:16.711,14.721,14.8165,-10.687
19-6��-2023 18:15:16.731,16.8731,10.266,3.4
19-6��-2023 18:15:16.751,13.7543,6.589,9.6542
19-6��-2023 18:15:16.771,5.9681,4.3558,2.3554
19-6��-2023 18:15:16.791,3.5816,1.5972,-3.4497
19-6��-2023 18:15:16.811,3.0351,-2.0367,-2.2349
19-6��-2023 18:15:16.831,4.7038,-6.2172,4.4235
19-6��-2023 18:15:16.851,5.4823,-8.4585,5.6603
19-6��-2023 18:15:16.871,2.9861,-8.033,2.5799
19-6��-2023 18:15:16.891,-0.1624,-2.9264,-1.5837
19-6��-2023 18:15:16.911,-0.6995,-0.8198,-0.6073
19-6��-2023 18:15:16.932,-0.2296,1.1745,1.9976
19-6��-2023 18:15:16.952,0.04,5.1134,4.9632
19-6��-2023 18:15:16.972,0.1844,18.8301,5.3324
19-6��-2023 18:15:16.992,26.2222,64.629,-4.3938
19-6��-2023 18:15:17.012,31.8795,56.9946,-3.3964
19-6��-2023 18:15:17.032,7.5373,19.7853,6.2211
19-6��-2023 18:15:17.052,4.4243,10.2002,5.7578
19-6��-2023 18:15:17.072,4.7008,8.965,0.2362
19-6��-2023 18:15:17.092,4.4239,10.7412,-3.6813
19-6��-2023 18:15:17.112,2.6502,11.1096,-6.6112
19-6��-2023 18:15:17.132,-1.2652,9.2187,-8.7734
19-6��-2023 18:15:17.152,-4.0937,4.9975,-7.9765
19-6��-2023 18:15:17.172,-4.6052,1.6044,-0.5489
19-6��-2023 18:15:17.192,-5.8013,-3.0577,11.2993
19-6��-2023 18:15:17.213,-3.5636,-4.9065,4.0878
19-6��-2023 18:15:17.233,-1.9434,-4.7635,1.5454
19-6��-2023 18:15:17.253,-2.0753,-5.3131,1.217
19-6��-2023 18:15:17.273,-2.9578,-6.9635,4.0435
19-6��-2023 18:15:17.293,-6.0019,3.1351,6.0082
19-6��-2023 18:15:17.313,-1.6461,3.4002,-3.1861
19-6��-2023 18:15:17.333,1.0113,3.3916,1.1977
19-6��-2023 18:15:17.353,-1.4065,7.4692,-13.14
19-6��-2023 18:15:17.373,-2.0962,16.678,-15.4298
19-6��-2023 18:15:17.393,1.2095,14.345,-11.206
19-6��-2023 18:15:17.413,2.0515,24.1098,-6.8147
19-6��-2023 18:15:17.433,-0.1482,31.7312,-6.3074
19-6��-2023 18:15:17.453,0.9185,31.8641,-2.2781
19-6��-2023 18:15:17.473,5.7135,19.3366,2.2606
19-6��-2023 18:15:17.494,6.1498,17.9209,0.8966
19-6��-2023 18:15:17.514,8.2446,19.1554,-1.0623
19-6��-2023 18:15:17.534,13.672,19.5625,-2.5806
19-6��-2023 18:15:17.554,22.8645,14.045,-6.9658
19-6��-2023 18:15:17.574,20.9994,6.2309,9.0559
19-6��-2023 18:15:17.594,8.9167,2.9128,10.6656
19-6��-2023 18:15:17.614,4.7793,3.3547,0.0965
19-6��-2023 18:15:17.634,2.5706,0.478,-5.8006
19-6��-2023 18:15:17.654,2.2052,-2.9834,-3.8516
19-6��-2023 18:15:17.674,2.1627,-7.4267,3.5029
19-6��-2023 18:15:17.694,3.1743,-9.2846,3.8108
19-6��-2023 18:15:17.714,2.1636,-8.1886,3.337
19-6��-2023 18:15:17.734,-0.5042,-3.3548,0.486
19-6��-2023 18:15:17.754,-0.9918,-1.1754,0.0599
19-6��-2023 18:15:17.775,-0.0106,0.7152,0.6688
19-6��-2023 18:15:17.795,1.4485,5.3575,3.0141
19-6��-2023 18:15:17.815,3.9591,15.7628,7.504
19-6��-2023 18:15:17.835,16.5318,55.7156,-11.2177
19-6��-2023 18:15:17.855,30.5187,61.0606,-0.9826
19-6��-2023 18:15:17.875,7.1425,18.4431,15.6817
19-6��-2023 18:15:17.895,5.1451,11.6145,7.0945
19-6��-2023 18:15:17.915,4.2805,11.0951,-1.5656
19-6��-2023 18:15:17.935,2.3483,10.6197,-3.9953
19-6��-2023 18:15:17.955,1.3676,9.6007,-3.1912
19-6��-2023 18:15:17.975,-0.2456,9.9278,-8.5785
19-6��-2023 18:15:17.995,-2.0465,7.8196,-9.1851
19-6��-2023 18:15:18.015,-3.1394,4.0967,-3.6981
19-6��-2023 18:15:18.035,-4.0328,0.979,7.0447
19-6��-2023 18:15:18.056,-3.556,-1.6873,8.495
19-6��-2023 18:15:18.076,-3.0382,-4.3597,10.0715
19-6��-2023 18:15:18.096,-1.5147,-6.0395,5.5175
19-6��-2023 18:15:18.116,0.7679,-4.8294,4.1247
19-6��-2023 18:15:18.136,-0.1744,-1.7228,-0.4679
19-6��-2023 18:15:18.156,1.2533,2.0569,-7.0316
19-6��-2023 18:15:18.176,4.0142,8.6722,-10.8339
19-6��-2023 18:15:18.196,3.6802,31.5731,-18.1031
19-6��-2023 18:15:18.216,11.597,37.3675,4.6166
19-6��-2023 18:15:18.236,3.6654,19.326,9.1018
19-6��-2023 18:15:18.256,-1.8825,15.416,-0.5908
19-6��-2023 18:15:18.276,-6.5571,11.6777,-0.604
19-6��-2023 18:15:18.296,-2.7083,12.7391,-2.926
19-6��-2023 18:15:18.316,0.7945,15.0749,0.1181
19-6��-2023 18:15:18.337,2.2711,17.7022,-0.0332
19-6��-2023 18:15:18.357,-2.2681,15.1769,-4.0504
19-6��-2023 18:15:18.377,-1.3658,14.9385,-5.7509
19-6��-2023 18:15:18.397,1.3777,10.1258,-2.279
19-6��-2023 18:15:18.417,3.1548,8.5478,0.575
19-6��-2023 18:15:18.437,4.7598,6.5101,0.4974
19-6��-2023 18:15:18.457,5.6602,5.6407,0.2518
19-6��-2023 18:15:18.477,5.7898,4.7999,0.0787
19-6��-2023 18:15:18.497,3.3711,2.1801,-0.995
19-6��-2023 18:15:18.517,2.5208,0.3048,-2.4782
19-6��-2023 18:15:18.537,0.6754,-1.6232,-5.1828
19-6��-2023 18:15:18.557,1.1469,-1.1037,-0.5342
19-6��-2023 18:15:18.577,1.787,0.9251,0.3691
19-6��-2023 18:15:18.597,1.7639,1.8271,0.1516
19-6��-2023 18:15:18.618,-0.0019,2.1932,0.8924
19-6��-2023 18:15:18.638,-1.7758,5.2397,1.4363
19-6��-2023 18:15:18.658,-3.7274,13.8685,2.7104
19-6��-2023 18:15:18.678,-6.5016,37.4954,5.5064
19-6��-2023 18:15:18.698,2.4652,51.2257,-2.2426
19-6��-2023 18:15:18.718,5.2274,25.9842,-0.5549
19-6��-2023 18:15:18.738,3.1595,11.748,5.8789
19-6��-2023 18:15:18.758,1.3253,9.1283,7.3551
19-6��-2023 18:15:18.778,-0.7393,8.3267,3.7293
19-6��-2023 18:15:18.798,-1.7864,8.3359,-2.2688
19-6��-2023 18:15:18.818,-2.2085,10.2942,-4.5178
19-6��-2023 18:15:18.838,-3.8654,8.5246,-4.2269
19-6��-2023 18:15:18.858,-5.6427,5.0327,-2.5708
19-6��-2023 18:15:18.878,-7.5916,1.3231,-0.8993
19-6��-2023 18:15:18.899,-8.5035,-0.7919,-0.0683
19-6��-2023 18:15:18.918,-6.9316,-1.444,1.6551
19-6��-2023 18:15:18.939,-2.9257,0.5317,2.1859
19-6��-2023 18:15:18.959,-0.5492,4.9646,-0.3224
19-6��-2023 18:15:18.979,1.2852,10.5867,-8.9438
19-6��-2023 18:15:18.999,4.1922,15.404,-14.2264
19-6��-2023 18:15:19.019,6.0133,16.0231,-10.4951
19-6��-2023 18:15:19.039,6.4887,14.2629,-0.4823
19-6��-2023 18:15:19.059,6.8489,14.0528,18.5331
19-6��-2023 18:15:19.079,-0.3346,10.2553,10.8376
19-6��-2023 18:15:19.099,-0.2611,10.3848,-0.2582
19-6��-2023 18:15:19.119,2.2251,10.636,-1.9118
19-6��-2023 18:15:19.139,2.2308,9.5186,-3.7543
19-6��-2023 18:15:19.159,1.4638,7.5671,-2.0979
19-6��-2023 18:15:19.179,1.568,7.0976,-0.6788
19-6��-2023 18:15:19.200,1.461,8.3588,3.3174
19-6��-2023 18:15:19.220,1.7237,9.0443,3.1959
19-6��-2023 18:15:19.239,1.8102,9.3038,-0.3263
19-6��-2023 18:15:19.260,2.2197,10.1098,-1.3921
19-6��-2023 18:15:19.280,0.2697,10.7153,-1.5921
19-6��-2023 18:15:19.300,-1.0878,10.6138,-0.2383
19-6��-2023 18:15:19.320,-1.328,10.4251,1.5535
19-6��-2023 18:15:19.340,-1.2182,9.4049,0.9453
19-6��-2023 18:15:19.360,-0.5214,8.3589,-0.1781
19-6��-2023 18:15:19.380,0.0419,9.4021,-1.539
19-6��-2023 18:15:19.400,-0.4868,10.5999,-3.4752
19-6��-2023 18:15:19.420,-0.885,9.9847,-4.8293
19-6��-2023 18:15:19.440,1.4003,10.2089,-4.492
19-6��-2023 18:15:19.460,1.972,10.2191,-3.0399
19-6��-2023 18:15:19.481,2.2896,10.1734,-3.3547
19-6��-2023 18:15:19.501,1.8528,9.0419,-1.2718
19-6��-2023 18:15:19.521,1.3601,8.4236,1.0329
19-6��-2023 18:15:19.541,0.6627,8.5248,2.2317
19-6��-2023 18:15:19.560,-0.2792,9.3955,0.6113
19-6��-2023 18:15:19.581,-0.5476,11.5733,-0.7074
19-6��-2023 18:15:19.601,-0.3919,11.8311,-1.6623
19-6��-2023 18:15:19.621,-0.1747,11.692,-2.2293
19-6��-2023 18:15:19.641,-0.7646,10.0514,-2.9718
19-6��-2023 18:15:19.661,-0.8315,8.8894,-5.8347
19-6��-2023 18:15:19.681,0.6306,8.0423,-5.1232
19-6��-2023 18:15:19.701,0.8877,7.2102,-1.7584
19-6��-2023 18:15:19.721,0.8209,6.995,-0.1943
19-6��-2023 18:15:19.741,2.6193,7.5081,2.0569
19-6��-2023 18:15:19.762,3.7272,10.2378,-2.7121
19-6��-2023 18:15:19.782,1.1381,10.4317,-1.0061
19-6��-2023 18:15:19.802,0.2147,11.4843,-3.0679
19-6��-2023 18:15:19.822,-0.7216,13.2995,-3.5774
19-6��-2023 18:15:19.842,-2.7501,9.6507,-3.7823
19-6��-2023 18:15:19.862,-4.1886,8.7493,-5.0508
19-6��-2023 18:15:19.882,-3.4542,8.3606,-4.8878
19-6��-2023 18:15:19.902,-1.4978,9.6901,-4.8203
19-6��-2023 18:15:19.922,2.0621,11.5388,-5.0646
19-6��-2023 18:15:19.942,4.1278,9.8586,-2.9499
19-6��-2023 18:15:19.962,6.2417,7.6463,2.7894
19-6��-2023 18:15:19.982,4.1666,6.567,5.4478
19-6��-2023 18:15:20.002,4.3782,9.778,7.0246
19-6��-2023 18:15:20.022,1.8273,11.6581,1.345
19-6��-2023 18:15:20.043,0.1627,12.4454,-1.663
19-6��-2023 18:15:20.063,-3.0206,10.6122,1.012
19-6��-2023 18:15:20.083,0.3358,11.7046,3.4018
19-6��-2023 18:15:20.103,1.2099,10.9638,6.0651
19-6��-2023 18:15:20.123,0.7239,10.4978,1.3056
19-6��-2023 18:15:20.143,1.455,9.1042,0.1998
19-6��-2023 18:15:20.163,2.1964,11.2665,-3.1315
19-6��-2023 18:15:20.183,1.822,10.5837,-0.2085
19-6��-2023 18:15:20.203,3.1391,11.2895,2.1227
19-6��-2023 18:15:20.223,2.9062,12.1353,1.1373
19-6��-2023 18:15:20.243,2.0912,11.4844,-1.039
19-6��-2023 18:15:20.263,0.2879,11.0274,-2.9659
19-6��-2023 18:15:20.283,0.9445,12.9428,-0.6968
19-6��-2023 18:15:20.303,0.4723,13.3367,2.8754
19-6��-2023 18:15:20.324,-0.1572,11.9772,1.1402
19-6��-2023 18:15:20.344,0.8442,10.6583,-1.1284
19-6��-2023 18:15:20.364,2.0006,10.6432,1.1391
19-6��-2023 18:15:20.384,3.1656,10.2558,-0.1326
19-6��-2023 18:15:20.404,1.8755,10.6325,4.7646
19-6��-2023 18:15:20.424,0.979,9.628,5.8371
19-6��-2023 18:15:20.444,0.9617,8.9195,5.053
19-6��-2023 18:15:20.464,2.0724,7.6657,5.4901
19-6��-2023 18:15:20.484,1.346,7.8614,4.6636
19-6��-2023 18:15:20.504,-0.4155,8.004,3.8527
19-6��-2023 18:15:20.524,-0.1627,6.7426,4.8382
19-6��-2023 18:15:20.544,1.6229,6.5534,3.568
19-6��-2023 18:15:20.564,2.5101,7.024,4.946
19-6��-2023 18:15:20.584,3.5758,6.7906,2.3592
19-6��-2023 18:15:20.605,3.0004,8.3829,2.3655
19-6��-2023 18:15:20.625,2.7911,8.6083,5.1147
19-6��-2023 18:15:20.645,3.7852,8.7631,5.0996
19-6��-2023 18:15:20.665,3.6195,9.7006,5.0981
19-6��-2023 18:15:20.685,5.4858,9.2746,5.1957
19-6��-2023 18:15:20.705,4.9188,10.1017,3.306
19-6��-2023 18:15:20.725,6.1063,8.7667,4.5486
19-6��-2023 18:15:20.745,6.1512,8.6806,2.26
19-6��-2023 18:15:20.765,6.7297,9.4946,3.835
19-6��-2023 18:15:20.785,8.1802,8.7589,4.9583
19-6��-2023 18:15:20.805,7.759,7.4686,0.8838
19-6��-2023 18:15:20.825,5.8325,6.8102,-3.2908
19-6��-2023 18:15:20.845,3.5451,9.1707,-6.7279
19-6��-2023 18:15:20.865,6.1278,8.8484,4.5053
19-6��-2023 18:15:20.886,4.1866,8.1178,-1.4182
19-6��-2023 18:15:20.906,2.2881,7.911,-3.3879
19-6��-2023 18:15:20.926,3.4913,7.8328,-2.2884
19-6��-2023 18:15:20.946,5.1035,8.7971,4.0717
19-6��-2023 18:15:20.966,5.377,10.0826,6.025
19-6��-2023 18:15:20.986,5.1611,9.883,0.2015
19-6��-2023 18:15:21.006,5.9995,8.6007,1.2911
19-6��-2023 18:15:21.026,5.8941,8.6954,2.9659
19-6��-2023 18:15:21.046,6.2899,7.8953,4.2419
19-6��-2023 18:15:21.066,6.9331,7.075,3.4849
19-6��-2023 18:15:21.086,6.6688,5.8268,3.4409
19-6��-2023 18:15:21.106,5.8133,5.722,1.0766
19-6��-2023 18:15:21.126,5.2939,4.9975,2.416
19-6��-2023 18:15:21.146,4.373,4.5453,3.3339
19-6��-2023 18:15:21.166,3.716,4.6014,4.5483
19-6��-2023 18:15:21.187,2.5589,4.9307,3.2222
19-6��-2023 18:15:21.207,3.6871,5.9181,4.0139
19-6��-2023 18:15:21.227,4.0762,4.7926,7.8196
19-6��-2023 18:15:21.247,1.9346,4.4458,8.7465
19-6��-2023 18:15:21.267,1.2408,3.2408,7.022
19-6��-2023 18:15:21.287,3.0034,1.7975,7.2171
19-6��-2023 18:15:21.307,3.9522,1.6445,8.1693
19-6��-2023 18:15:21.327,3.9638,2.2097,6.8502
19-6��-2023 18:15:21.347,3.0441,0.0627,8.7885
19-6��-2023 18:15:21.367,1.2968,1.7538,10.5195
19-6��-2023 18:15:21.387,0.9939,2.0653,11.7235
19-6��-2023 18:15:21.407,-0.5333,0.0192,11.6341
19-6��-2023 18:15:21.427,-0.6399,0.4869,12.0217
19-6��-2023 18:15:21.447,-1.4057,0.3929,11.6733
19-6��-2023 18:15:21.468,-1.6596,-0.9903,9.4079
19-6��-2023 18:15:21.488,-0.4208,-0.6166,9.4243
19-6��-2023 18:15:21.508,0.7516,0.0534,8.4869
19-6��-2023 18:15:21.528,2.1904,1.1795,8.0456
19-6��-2023 18:15:21.548,2.3983,1.4205,8.048
19-6��-2023 18:15:21.568,1.6972,1.7205,8.6182
19-6��-2023 18:15:21.588,0.406,1.5521,9.454
19-6��-2023 18:15:21.608,0.2938,0.5233,9.6272
19-6��-2023 18:15:21.628,1.0549,1.0522,12.0796
19-6��-2023 18:15:21.648,1.2855,1.0029,11.4088
19-6��-2023 18:15:21.668,0.6745,2.141,11.1277
19-6��-2023 18:15:21.688,-0.1846,2.9664,9.7474
19-6��-2023 18:15:21.708,-0.9941,3.6671,7.9892
19-6��-2023 18:15:21.728,-1.4622,3.9651,7.2343
19-6��-2023 18:15:21.749,-1.6987,3.9425,7.3074
19-6��-2023 18:15:21.769,-1.6235,3.8319,8.6486
19-6��-2023 18:15:21.789,-1.5987,3.6782,9.3798
19-6��-2023 18:15:21.809,-1.417,3.1801,10.0634
19-6��-2023 18:15:21.829,-0.3488,3.7404,7.7163
19-6��-2023 18:15:21.849,-1.3505,3.9067,8.0821